id,slug,name,fonte_principal,status_revisao_manual,revisor,observacoes
"1","assertion-roulette","Assertion Roulette","Steel: Test Smell Detection for JavaScript","pendente","",""
"2","assertion-free-test","Assertion-Free / Assertionless Test","The Open Catalog of Test Smells — Assertion-Free","pendente","",""
"3","sensitive-equality","Sensitive Equality","SNUTS.js: Sniffing Nasty Unit Test Smells in Javascript","pendente","",""
"4","missing-assertions-line-hitter","Missing Assertions / Line Hitter","The Open Catalog of Test Smells — Missing Assertions","pendente","",""
"5","over-checking-nitpicker","Over-Checking / Nitpicker","The Open Catalog of Test Smells — Over-Checking","pendente","",""
"6","calculating-expected-results-on-the-fly","Calculating Expected Results On The Fly","The Open Catalog of Test Smells — Second Guess The Calculation","pendente","",""
"7","under-the-carpet-assertion","Under-The-Carpet Assertion","The Open Catalog of Test Smells — Under-The-Carpet Assertion","pendente","",""
"8","premature-assertions","Premature Assertions","The Open Catalog of Test Smells — Premature Assertions","pendente","",""
"9","redundant-assertion","Redundant Assertion","Steel: Test Smell Detection for JavaScript","pendente","",""
"10","equality-sledgehammer-assertion","Equality Sledgehammer Assertion","The Open Catalog of Test Smells — Equality Sledgehammer Assertion","pendente","",""
"11","general-fixture","General Fixture","SNUTS.js: Sniffing Nasty Unit Test Smells in Javascript","pendente","",""
"12","vague-header-setup","Vague Header Setup","The Open Catalog of Test Smells — Vague Header Setup","pendente","",""
"13","curdled-test-fixtures","Curdled Test Fixtures","The Open Catalog of Test Smells — Curdled Test Fixtures","pendente","",""
"14","excessive-inline-setup","Excessive Inline Setup","The Open Catalog of Test Smells — Excessive Inline Setup","pendente","",""
"15","empty-shared-fixture","Empty Shared-Fixture","The Open Catalog of Test Smells — Empty Shared-Fixture","pendente","",""
"16","hidden-test-data-bury-the-lede","Hidden Test Data / Bury The Lede","The Open Catalog of Test Smells — Bury The Lede","pendente","",""
"17","the-mother-hen","The Mother Hen","The Open Catalog of Test Smells — The Mother Hen","pendente","",""
"18","unused-definition","Unused Definition","The Open Catalog of Test Smells — Unused Definition","pendente","",""
"19","resource-leakage-missing-teardown","Resource Leakage (Missing Teardown)","The Open Catalog of Test Smells — Resource Leakage","pendente","",""
"20","mystery-guest","Mystery Guest","The Open Catalog of Test Smells — Mystery Guest","pendente","",""
"21","chain-gang-dependent-test","Chain Gang / Dependent Test","The Open Catalog of Test Smells — Chain Gang","pendente","",""
"22","test-pollution-environmental-vandal","Test Pollution / Environmental Vandal","The Open Catalog of Test Smells — Test Pollution","pendente","",""
"23","context-sensitivity","Context Sensitivity","The Open Catalog of Test Smells — Context Sensitivity","pendente","",""
"24","local-only-testing-the-local-hero","Local Only Testing (The Local Hero)","The Open Catalog of Test Smells — The Local Hero","pendente","",""
"25","web-browsing-test-hidden-integration","Web-Browsing Test (Hidden Integration)","The Open Catalog of Test Smells — Web-Browsing Test","pendente","",""
"26","counting-on-spies","Counting On Spies","The Open Catalog of Test Smells — Counting On Spies","pendente","",""
"27","middle-man","Middle Man","The Open Catalog of Test Smells — Middle Man","pendente","",""
"28","programming-paradigms-blend","Programming Paradigms Blend","The Open Catalog of Test Smells — Programming Paradigms Blend","pendente","",""
"29","duplicate-test-code-copy-paste","Duplicate Test Code (Copy-Paste)","The Open Catalog of Test Smells — Duplicate Test Code","pendente","",""
"30","long-test","Long Test","The Open Catalog of Test Smells — Long Test","pendente","",""
"31","magic-number-magic-values","Magic Number / Magic Values","Master’s Dissertation: Test Smells in JavaScript","pendente","",""
"32","complicated-logic-in-tests","Complicated Logic In Tests","The Open Catalog of Test Smells — Complicated Logic In Tests","pendente","",""
"33","duplicate-assert","Duplicate Assert","Master’s Dissertation: Test Smells in JavaScript","pendente","",""
"34","hardcoded-environment-configuration","Hardcoded Environment Configuration","The Open Catalog of Test Smells — Hardcoded Environment Configuration","pendente","",""
"35","over-refactoring-overly-dry-tests","Over-Refactoring / Overly DRY Tests","The Open Catalog of Test Smells — Overly Dry Tests","pendente","",""
"36","commented-out-test","Commented-Out Test","The Open Catalog of Test Smells — Commented Test","pendente","",""
"37","sleepy-test-stinky-synchronization","Sleepy Test / Stinky Synchronization","Master’s Dissertation: Test Smells in JavaScript","pendente","",""
"38","flaky-test-intermittent-failures","Flaky Test (Intermittent Failures)","The Open Catalog of Test Smells — Flaky Test","pendente","",""
"39","chatty-logging-print-statement","Chatty Logging / Print Statement","The Open Catalog of Test Smells — Chatty Logging","pendente","",""
"40","ignored-disabled-test","Ignored / Disabled Test","Steel: Test Smell Detection for JavaScript","pendente","",""
"41","slow-test","Slow Test","Master’s Dissertation: Test Smells in JavaScript","pendente","",""
"42","interactive-test","Interactive Test","The Open Catalog of Test Smells — Interactive Test","pendente","",""
"43","premature-teardown","Premature Teardown","The Open Catalog of Test Smells — Improper Clean Up After Tests Have Been Run","pendente","",""
"44","unsound-test-false-positive-negative","Unsound Test (False Positive/Negative)","The Open Catalog of Test Smells — Test Tautology","pendente","",""
"45","the-silent-catcher-empty-catch","The Silent Catcher / Empty Catch","The Open Catalog of Test Smells — The Silent Catcher","pendente","",""
"46","eager-test","Eager Test","The Open Catalog of Test Smells — Eager Test","pendente","",""
"47","lazy-test","Lazy Test","The Open Catalog of Test Smells — Lazy Test","pendente","",""
"48","what-are-we-testing-poor-naming","What Are We Testing? (Poor Naming)","The Open Catalog of Test Smells — What Are We Testing?","pendente","",""
"49","testing-private-implementation","Testing Private Implementation","The Open Catalog of Test Smells — Testing Internal Implementation","pendente","",""
"50","second-class-citizens","Second-Class Citizens","The Open Catalog of Test Smells — Treating Test Code As A Second Class Citizen","pendente","",""
"51","anonymous-test","Anonymous Test","Master’s Dissertation: Test Smells in JavaScript","pendente","",""
"52","conditional-test-logic","Conditional Test Logic","Master’s Dissertation: Test Smells in JavaScript","pendente","",""
"53","exception-handling","Exception Handling","Master’s Dissertation: Test Smells in JavaScript","pendente","",""
"54","overcommented-test","Overcommented Test","Master’s Dissertation: Test Smells in JavaScript","pendente","",""
"55","suboptimal-assertion","Suboptimal Assertion","Master’s Dissertation: Test Smells in JavaScript","pendente","",""
"56","unknown-test","Unknown Test","Master’s Dissertation: Test Smells in JavaScript","pendente","",""
"57","verbose-test","Verbose Test","Master’s Dissertation: Test Smells in JavaScript","pendente","",""
"58","comments-only-test","Comments Only Test","SNUTS.js: Sniffing Nasty Unit Test Smells in Javascript","pendente","",""
"59","complex-snapshot-test","Complex Snapshot Test","JavaScript Test Smell Detection Tool","pendente","",""
"60","identical-test-description","Identical Description Test","JavaScript Test Smell Detection Tool","pendente","",""
"61","non-functional-statement","Non-Functional Statement","JavaScript Test Smell Detection Tool","pendente","",""
"62","test-without-description","Test Without Description","SNUTS.js: Sniffing Nasty Unit Test Smells in Javascript","pendente","",""
"63","transcripting-test","Transcripting Test","SNUTS.js: Sniffing Nasty Unit Test Smells in Javascript","pendente","",""
"64","verify-in-setup","Verify in Setup","JavaScript Test Smell Detection Tool","pendente","",""
"65","constructor-initialization","Constructor Initialization","Steel: Test Smell Detection for JavaScript","pendente","",""
"66","empty-test","Empty Test","Steel: Test Smell Detection for JavaScript","pendente","",""
"67","readthedocs-only-test","Only Test","Test Smell in JavaScript (Read the Docs)","pendente","",""
"68","readthedocs-non-deterministic-data-test","Non-deterministic Data Test","Test Smell in JavaScript (Read the Docs)","pendente","",""
"69","readthedocs-assertion-loop","Assertion Loop","Test Smell in JavaScript (Read the Docs)","pendente","",""
"70","readthedocs-return-in-test","Return in Test","Test Smell in JavaScript (Read the Docs)","pendente","",""
"71","readthedocs-resource-optmism-test","Resource Optimism","Test Smell in JavaScript (Read the Docs)","pendente","",""
"72","readthedocs-army-of-clones","Army of Clones Test","Test Smell in JavaScript (Read the Docs)","pendente","",""
"73","readthedocs-assertion-chorus-test","Assertion Chorus Test","Test Smell in JavaScript (Read the Docs)","pendente","",""
"74","readthedocs-duplicate-statements-test","Duplicate Statements Test","Test Smell in JavaScript (Read the Docs)","pendente","",""
"75","readthedocs-duplicated-actions","Duplicated Actions","Test Smell in JavaScript (Read the Docs)","pendente","",""
"76","readthedocs-duplicated-code-in-conditional","Duplicated Code in Conditional","Test Smell in JavaScript (Read the Docs)","pendente","",""
"77","readthedocs-half-a-helper-method","Half a Helper Method","Test Smell in JavaScript (Read the Docs)","pendente","",""
"78","readthedocs-missing-test-data-factory","Missing Test Data Factory","Test Smell in JavaScript (Read the Docs)","pendente","",""
"79","readthedocs-test-redundancy","Test Redundancy","Test Smell in JavaScript (Read the Docs)","pendente","",""
"80","readthedocs-the-first-and-last-rites","The First and Last Rites","Test Smell in JavaScript (Read the Docs)","pendente","",""
"81","readthedocs-two-for-the-price-of-one","Two for the Price of One","Test Smell in JavaScript (Read the Docs)","pendente","",""
"82","readthedocs-hard-coded-values","Hard-Coded Values","Test Smell in JavaScript (Read the Docs)","pendente","",""
"83","readthedocs-hardcoded-literals","Hardcoded Literals","Test Smell in JavaScript (Read the Docs)","pendente","",""
"84","readthedocs-hidden-complexity","Hidden Complexity","Test Smell in JavaScript (Read the Docs)","pendente","",""
"85","readthedocs-large-module","Large Module","Test Smell in JavaScript (Read the Docs)","pendente","",""
"86","readthedocs-long-class","Long Class","Test Smell in JavaScript (Read the Docs)","pendente","",""
"87","readthedocs-long-method","Long Function or Long Method","Test Smell in JavaScript (Read the Docs)","pendente","",""
"88","readthedocs-self-important-test-data","Self Important Test Data","Test Smell in JavaScript (Read the Docs)","pendente","",""
"89","readthedocs-using-complicated-path","Using Complicated X-Path or CSS Selectors","Test Smell in JavaScript (Read the Docs)","pendente","",""
"90","readthedocs-disorder","Disorder","Test Smell in JavaScript (Read the Docs)","pendente","",""
"91","readthedocs-undefined-test","Undefined Test","Test Smell in JavaScript (Read the Docs)","pendente","",""
"92","readthedocs-the-distant-relative","The Distant Relative","Test Smell in JavaScript (Read the Docs)","pendente","",""
"93","readthedocs-assert-the-world","Assert the World","Test Smell in JavaScript (Read the Docs)","pendente","",""
"94","readthedocs-field-level-assertion","Field-Level Assertion","Test Smell in JavaScript (Read the Docs)","pendente","",""
"95","readthedocs-method-based-testing","Method-Based Testing","Test Smell in JavaScript (Read the Docs)","pendente","",""
"96","readthedocs-existing-tests","Existing Tests","Test Smell in JavaScript (Read the Docs)","pendente","",""
"97","readthedocs-split-logic","Split Logic","Test Smell in JavaScript (Read the Docs)","pendente","",""
"98","readthedocs-abnormal","Abnormal UTF-Use","Test Smell in JavaScript (Read the Docs)","pendente","",""
"99","readthedocs-frequent-debugging","Frequent Debugging","Test Smell in JavaScript (Read the Docs)","pendente","",""
"100","readthedocs-asynchronous-test","Asynchronous Test","Test Smell in JavaScript (Read the Docs)","pendente","",""
"101","readthedocs-inefficient-waits","Inefficient Waits","Test Smell in JavaScript (Read the Docs)","pendente","",""
"102","readthedocs-constrained-test-order","Constrained Test Order","Test Smell in JavaScript (Read the Docs)","pendente","",""
"103","readthedocs-coupling-between-test-methods","Coupling Between Test Methods","Test Smell in JavaScript (Read the Docs)","pendente","",""
"104","readthedocs-dependent-test","Dependent Test","Test Smell in JavaScript (Read the Docs)","pendente","",""
"105","readthedocs-lack-of-cohesion","Lack of Cohesion of Test Cases","Test Smell in JavaScript (Read the Docs)","pendente","",""
"106","readthedocs-litter-bugs","Litter Bugs","Test Smell in JavaScript (Read the Docs)","pendente","",""
"107","readthedocs-lonely-test","Lonely Test","Test Smell in JavaScript (Read the Docs)","pendente","",""
"108","readthedocs-test-run-war","Test Run War","Test Smell in JavaScript (Read the Docs)","pendente","",""
"109","readthedocs-unusual-test-order","Unusual Test Order","Test Smell in JavaScript (Read the Docs)","pendente","",""
"110","readthedocs-data-sensitivity","Data Sensitivity","Test Smell in JavaScript (Read the Docs)","pendente","",""
"111","readthedocs-hidden-dependency","Hidden Dependency","Test Smell in JavaScript (Read the Docs)","pendente","",""
"112","readthedocs-the-operating-system-evangelist","The Operating System Evangelist","Test Smell in JavaScript (Read the Docs)","pendente","",""
"113","readthedocs-branch-to-assumption-anti-pattern","Branch To Assumption Anti-Pattern","Test Smell in JavaScript (Read the Docs)","pendente","",""
"114","readthedocs-chafing","Chafing","Test Smell in JavaScript (Read the Docs)","pendente","",""
"115","readthedocs-contaminated-test-subject","Contaminated Test Subject","Test Smell in JavaScript (Read the Docs)","pendente","",""
"116","readthedocs-evolve-or","Evolve Or","Test Smell in JavaScript (Read the Docs)","pendente","",""
"117","readthedocs-flexible-test","Flexible Test","Test Smell in JavaScript (Read the Docs)","pendente","",""
"118","readthedocs-fully-gotten-green-test","Fully Rotten Green Test","Test Smell in JavaScript (Read the Docs)","pendente","",""
"119","readthedocs-generative","Generative","Test Smell in JavaScript (Read the Docs)","pendente","",""
"120","readthedocs-happy-path","Happy Path","Test Smell in JavaScript (Read the Docs)","pendente","",""
"121","readthedocs-indecisive","Indecisive","Test Smell in JavaScript (Read the Docs)","pendente","",""
"122","readthedocs-multiple-test-conditions","Multiple Test Conditions","Test Smell in JavaScript (Read the Docs)","pendente","",""
"123","readthedocs-parsed-data","Parsed Data","Test Smell in JavaScript (Read the Docs)","pendente","",""
"124","readthedocs-paranoid","Paranoid","Test Smell in JavaScript (Read the Docs)","pendente","",""
"125","readthedocs-quixotic","Quixotic","Test Smell in JavaScript (Read the Docs)","pendente","",""
"126","readthedocs-rotten-green-test","Rotten Green Test","Test Smell in JavaScript (Read the Docs)","pendente","",""
"127","readthedocs-skip-rotten-green-test","Skip Rotten Green Test","Test Smell in JavaScript (Read the Docs)","pendente","",""
"128","readthedocs-tangential","Tangential","Test Smell in JavaScript (Read the Docs)","pendente","",""
"129","readthedocs-test-by-number","Test By Number","Test Smell in JavaScript (Read the Docs)","pendente","",""
"130","readthedocs-the-ugly-mirror","The Ugly Mirror","Test Smell in JavaScript (Read the Docs)","pendente","",""
"131","readthedocs-mock-everything","Mock Everything","Test Smell in JavaScript (Read the Docs)","pendente","",""
"132","readthedocs-excessive-mocking","Excessive Mocking","Test Smell in JavaScript (Read the Docs)","pendente","",""
"133","readthedocs-mocking-framework","Mocking a Mocking Framework","Test Smell in JavaScript (Read the Docs)","pendente","",""
"134","readthedocs-remote-control-mocking","Remote Control Mocking","Test Smell in JavaScript (Read the Docs)","pendente","",""
"135","readthedocs-blethery-prefixes","Blethery Prefixes","Test Smell in JavaScript (Read the Docs)","pendente","",""
"136","readthedocs-constant-actual-parameter-value","Constant Actual Parameter Value","Test Smell in JavaScript (Read the Docs)","pendente","",""
"137","readthedocs-empty-method","Empty Method","Test Smell in JavaScript (Read the Docs)","pendente","",""
"138","readthedocs-everything-is-property","Everything Is A Property","Test Smell in JavaScript (Read the Docs)","pendente","",""
"139","readthedocs-hidden-test-call","Hidden Test Call","Test Smell in JavaScript (Read the Docs)","pendente","",""
"140","readthedocs-long-parameter-list","Long Parameter List","Test Smell in JavaScript (Read the Docs)","pendente","",""
"141","readthedocs-missed-skip-rotten-green-test","Missed Skip Rotten Green Test","Test Smell in JavaScript (Read the Docs)","pendente","",""
"142","readthedocs-mistaken-identity","Mistaken Identity","Test Smell in JavaScript (Read the Docs)","pendente","",""
"143","readthedocs-overreferencing","Overreferencing","Test Smell in JavaScript (Read the Docs)","pendente","",""
"144","readthedocs-stop-in-function","Stop in Function","Test Smell in JavaScript (Read the Docs)","pendente","",""
"145","readthedocs-test-body-is-somewhere-else","Test Body Is Somewhere Else","Test Smell in JavaScript (Read the Docs)","pendente","",""
"146","readthedocs-the-stepford-fields","The Stepford Fields","Test Smell in JavaScript (Read the Docs)","pendente","",""
"147","readthedocs-time-bomb-data","Time Bomb Data","Test Smell in JavaScript (Read the Docs)","pendente","",""
"148","readthedocs-time-bombs","Time Bombs","Test Smell in JavaScript (Read the Docs)","pendente","",""
"149","readthedocs-time-sensitive-test","Time Sensitive Test","Test Smell in JavaScript (Read the Docs)","pendente","",""
"150","readthedocs-unrestricted-imports","Unrestricted Imports","Test Smell in JavaScript (Read the Docs)","pendente","",""
"151","readthedocs-unused-imports","Unused Imports","Test Smell in JavaScript (Read the Docs)","pendente","",""
"152","readthedocs-unused-inputs","Unused Inputs","Test Smell in JavaScript (Read the Docs)","pendente","",""
"153","readthedocs-complex-teardown","Complex Teardown","Test Smell in JavaScript (Read the Docs)","pendente","",""
"154","readthedocs-generous-leftovers","Generous Leftovers","Test Smell in JavaScript (Read the Docs)","pendente","",""
"155","readthedocs-shared-state-corruption","Shared-State Corruption","Test Smell in JavaScript (Read the Docs)","pendente","",""
"156","readthedocs-teardown-only-test","Teardown Only Test","Test Smell in JavaScript (Read the Docs)","pendente","",""
"157","readthedocs-the-painful-clean-up","The Painful Clean-Up","Test Smell in JavaScript (Read the Docs)","pendente","",""
"158","readthedocs-the-soloist","The Soloist","Test Smell in JavaScript (Read the Docs)","pendente","",""
"159","readthedocs-exception-catch-throw","Exception Catch/Throw","Test Smell in JavaScript (Read the Docs)","pendente","",""
"160","readthedocs-exception-catching-throwing","Exception Catching Throwing","Test Smell in JavaScript (Read the Docs)","pendente","",""
"161","readthedocs-expecting-exceptions-anywhere","Expecting Exceptions Anywhere","Test Smell in JavaScript (Read the Docs)","pendente","",""
"162","readthedocs-issues-in-exception-handling","Issues In Exception Handling","Test Smell in JavaScript (Read the Docs)","pendente","",""
"163","readthedocs-excessive-setup","Excessive Setup","Test Smell in JavaScript (Read the Docs)","pendente","",""
"164","readthedocs-factories-unnecessary-data","Factories That Contain Unnecessary Data","Test Smell in JavaScript (Read the Docs)","pendente","",""
"165","readthedocs-noisy-logging","Noisy Logging","Test Smell in JavaScript (Read the Docs)","pendente","",""
"166","readthedocs-noisy-setup","Noisy Setup","Test Smell in JavaScript (Read the Docs)","pendente","",""
"167","readthedocs-obscure-in-line-setup","Obscure In-Line Setup","Test Smell in JavaScript (Read the Docs)","pendente","",""
"168","readthedocs-oversharing-on-setup","Oversharing On Setup","Test Smell in JavaScript (Read the Docs)","pendente","",""
"169","readthedocs-refused-bequest","Refused Bequest","Test Smell in JavaScript (Read the Docs)","pendente","",""
"170","readthedocs-share-the-world","Share The World","Test Smell in JavaScript (Read the Docs)","pendente","",""
"171","readthedocs-test-maverick","Test Maverick","Test Smell in JavaScript (Read the Docs)","pendente","",""
"172","readthedocs-test-objects-initialized-in-a-describe-block","Test Objects Initialized In A Describe Block","Test Smell in JavaScript (Read the Docs)","pendente","",""
"173","readthedocs-test-objects-initialized-in-each-test","Test Objects Initialized In Each Test","Test Smell in JavaScript (Read the Docs)","pendente","",""
"174","readthedocs-test-setup-is-somewhere-else","Test Setup Is Somewhere Else","Test Smell in JavaScript (Read the Docs)","pendente","",""
"175","readthedocs-using-fixtures","Using Fixtures","Test Smell in JavaScript (Read the Docs)","pendente","",""
"176","readthedocs-layer-testing","Layer Testing","Test Smell in JavaScript (Read the Docs)","pendente","",""
"177","readthedocs-asserting-pre-condition-and-invariants","Asserting Pre-Condition And Invariants","Test Smell in JavaScript (Read the Docs)","pendente","",""
"178","readthedocs-assertion-diversion","Assertion Diversion","Test Smell in JavaScript (Read the Docs)","pendente","",""
"179","readthedocs-brittle-assertion","Brittle-Assertion","Test Smell in JavaScript (Read the Docs)","pendente","",""
"180","readthedocs-broad-assertion","Broad Assertion","Test Smell in JavaScript (Read the Docs)","pendente","",""
"181","readthedocs-fantasy-tests","Fantasy Tests","Test Smell in JavaScript (Read the Docs)","pendente","",""
"182","readthedocs-invisible-assertions","Invisible Assertions","Test Smell in JavaScript (Read the Docs)","pendente","",""
"183","readthedocs-missed-fail-rotten-green-test","Missed Fail Rotten Green Test","Test Smell in JavaScript (Read the Docs)","pendente","",""
"184","readthedocs-missing-assertions","Missing Assertions","Test Smell in JavaScript (Read the Docs)","pendente","",""
"185","readthedocs-over-exertion-assertion","Over Exertion Assertion","Test Smell in JavaScript (Read the Docs)","pendente","",""
"186","readthedocs-returning-assertion","Returning Assertion","Test Smell in JavaScript (Read the Docs)","pendente","",""
"187","readthedocs-self-test","Self-Test","Test Smell in JavaScript (Read the Docs)","pendente","",""
